platform,tag,url,title,summary,language,difficulty,learners_count,price,certificate,authors,rating_loved,rating_liked
Alison,Programming,https://alison.com/course/javascript-lorem-ipsum-generator-and-content-pagination#outcomes,JavaScript Lorem Ipsum Generator and Content Pagination,"Learn how to use JavaScript to create a Lorem Ipsum generator and build a dual-versioned pagination project with this free online programming course. You will learn numerous JavaScript functions and methods, including math random and query selector. You will also learn to work with arrays, strings, and API endpoint data. The course further covers adding event listeners, setting up HTTP servers, and conducting URL fetch requests.",en,Beginner Level,738,0,Certificate,Laurence Svekis ✔,3,2
Alison,Programming,https://alison.com/course/fundamentals-of-ruby-on-rails-5-development#outcomes,Fundamentals of Ruby on Rails 5 Development,"This course describes the different types of applications that can be developed using Ruby on Rails. You will learn how to deploy a Rails application with open-source tools. You will also see how to implement advanced JavaScript components, such as persistent drag-and-drop functionality and live page updates in a Rails app. By the end of the course, you will be able to build a Ruby on Rails application.",en,Advanced Level,607,0,Certificate,YouAccel Training,2,0
Alison,Programming,https://alison.com/course/fully-dynamic-pacman-game-using-javascript#outcomes,Fully Dynamic Pacman Game using JavaScript,"Explore the diverse world of JavaScript and learn how to create a fully dynamic Pacman game from scratch using JavaScript. This free online JavaScript course will teach you the methods required to dynamically generate the Pacman game boards, dynamically adjust screen sizes to automatically fit the client-screen, along with step-by-step demonstrations on how to apply the various JavaScript Functions, HTML Classes, and CSS Styling Properties.",en,Intermediate Level,1828,0,Certificate,Laurence Svekis ✔,5,5
Alison,Programming,https://alison.com/course/vmware-vsphere-5-network-configuration-storage-and-vm-creation#outcomes,"VMware vSphere 5 - Network Configuration, Storage, and VM Creation","Today, almost every business process is done on a computer and the storage devices attached to these computers are configured in several different ways and made accessible by users. This free online VMWare vSphere 5 - Network Configuration, Storage, and free online VM Creation course focuses on network security, how storage integrates with the Virtual Infrastructure, the many methods of network configuration, and concept of Virtual Machines.",en,Intermediate Level,1934,0,Certificate,Workforce Academy Partnership,7,7
Alison,Programming,https://alison.com/course/diploma-in-programming-using-c-sharp#outcomes,Diploma in Programming Using C#,"The demand for mobile and web applications is significantly more than its supply. Mobile and web apps are expected to generate over $613 billion in revenue by 2025. Programming is at the heart of all online and offline and web applications. With this step-by-step comprehensive diploma course, you can join this thriving sector by learning to code and program in C#, the all-powerful language used to develop mobile, web and desktop apps.",en,Advanced Level,4696,0,Diploma,Stone River eLearning,13,10
Alison,Programming,https://alison.com/course/diploma-in-firestore-development#outcomes,Diploma in Firestore Development,"This free online Firestone development diploma course will teach you about how you can enhance your development abilities with Firestore. You will learn how to create and save data to your Firestore database as well as create and customise stylish interactive features such as text fields, buttons, and menu options. You will also cover topics such as Creating User VC, Setting Up User ID, Logging In and Out, and more!",en,Beginner Level,5063,0,Diploma,Devslopes,4,2
Alison,Programming,https://alison.com/course/master-the-pic-microcontroller-and-watchdog-timers#outcomes,Master the PIC Microcontroller and Watchdog Timers,"This free online course on how to Master the PIC Microcontroller and Watchdog Timers highlights how to utilize registry guidance to manage time. You will learn about various timers, their respective functions and features and how to select the most suitable one for your projects. If you are curious about PIC Microcontroller time registers and their vast applications, then this PIC Microcontroller tutorial is the perfect place to start.",en,Beginner Level,1046,0,Certificate,Ashraf Said AlMadhoun,4,4
Alison,Programming,https://alison.com/course/introduction-to-bots-revised#outcomes,Beginner Bots,"This free online Introduction to Bots course will teach you how you can use bots to enhance your websites and apps, and why they are important in automating online messaging and conversations. Bots are autonomous programs on a network or the internet which interact with web sites, users, system and more. They are used for a variety of purposes from testing to making corrections to your web pages. Make use of them today with this free course.",en,Beginner Level,10664,0,Certificate,Channel 9,25,11
Alison,Programming,https://alison.com/course/jquery-web-development-and-programming#outcomes,jQuery Web Development and Programming,"This course will teach you all you need to create dynamic and functional websites using jQuery, the light, fast and feature-rich JavaScript library. This course will cover the basics of jQuery web design, such as selecting elements and recording events, as well as the more advanced features like proxy functions and extending functions using jQuery. In addition, discover how to create elements, effects and animations and use utility functions.",en,Intermediate Level,1873,0,Certificate,Sonar Systems,7,3
Alison,Programming,https://alison.com/course/rabbitmq-multicast-communication-using-java-and-spring#outcomes,RabbitMQ: Multicast Communication using Java and Spring,"Cloud computing has become popular because it reduces expenses and tangible assets. Additionally, specific skills are needed to become a professional. This course will help you grasp the basics of messaging queueing by utilising Java coding for refined configuration in an asynchronous communication environment. Learn what RabbitMQ can accomplish for cloud architects by mastering asynchronous communication by joining today.",en,Advanced Level,1016,0,Certificate,Niyazi Erdogan,2,2
Alison,Programming,https://alison.com/course/a-guide-to-meeting-pic-microcontrollers-using-python#outcomes,A Guide to Meeting PIC Microcontrollers Using Python,"Are you fascinated by PIC Microcontrollers and their various applications in electronics? Microcontrollers are all around us and often we are not even aware of this. In this free online course, you will explore the working principles and circuit design of PIC Microcontrollers, why Python is perfect to combine with PIC Microcontrollers and what the various hardware and software requirements are to successfully complete your project.",en,Beginner Level,2015,0,Certificate,Ashraf Said AlMadhoun,4,0
Alison,Programming,https://alison.com/course/2d-and-3d-programming-using-webgl#outcomes,2D and 3D Programming Using WebGL,"Effective use of 2D and 3D graphics are on the rise as they result in powerful and impressive displays. WebGL is used to render high-performance interactive 3D and 2D graphics within any compatible web browser without the use of plug-ins. We will teach you how to set up a WebGL project and server on various operating systems, draw objects and apply colours and textures. Explore how to transform shapes and apply ambient lighting.",en,Intermediate Level,1663,0,Certificate,Sonar Systems,2,1
Alison,Programming,https://alison.com/course/android-app-building-102-purr-audiobook-log-and-skeleton#outcomes,"Android App Building 102 - Purr, Audiobook Log, and Skeleton","App Inventor 2 shows you how to build Android applications from the ground up. For non-techies, the UI tools make designing applications relatively simple. Start creating HelloPurr, the Audiobook Log and the Skeleton Review app to lay the foundations for basic programming with a practical learning experience to handle your projects. Master the Google Developer console on the Android market like a pro to publish or update your creations.",en,Advanced Level,1420,0,Certificate,Stone River eLearning,4,1
Alison,Programming,https://alison.com/course/embedded-systems-time-and-event-measurement#outcomes,MSP430 Microcontrollers: Time and Event Measurement,"This course discusses most of the essential features of embedded systems such as the MSP430, such as counting and measuring time and events, creating analog waveforms using digital controls, and reading external analog voltages. Enroll today to acquire insight into the functionalities of the timer, pulse width modulation signals, analog-digital converters, and communication protocols in the MSP430 microcontroller.",en,Intermediate Level,701,0,Certificate,NPTEL,2,0
Alison,Programming,https://alison.com/course/architecture-and-physical-interfacing-of-embedded-systems#outcomes,Understanding the MSP430 Microcontroller,"This is an introductory computer science course presenting the features and working principles of the MSP430 microcontrollers. A microcontroller is a complete computer on a single chip, and it has great diversity in terms of size and performance. With the aid of illustrations and examples, this course demonstrates the architecture, programming, and interfacing of the MSP430 microcontroller.",en,Intermediate Level,1185,0,Certificate,NPTEL,4,0
Alison,Programming,https://alison.com/course/introduction-to-advanced-swift-programming-for-ios#outcomes,Beginner in Advanced Swift Programming for iOS,"This free online iOS development course will teach you about how you can master the Swift programming language and take your iOS development skills to the next level. You will learn the basics of advanced Swift programming concepts such as enumerations, extensions, protocols, delegates, transformations and more. Start this short course today and take the first step towards writing cleaner, more professional code.",en,Beginner Level,4855,0,Certificate,Devslopes,2,6
